window,exit,exit,exit,exit,exit,exit
metric,mae,gmfe,bmfe,mdd,pdays,return
trade_index,,,,,,
0,-0.018073007319806544,0.8862330416537474,0.15962900264657476,-0.228572692626137,249.0,0.6579838344340818
1,0.0,0.712883666274974,0.0,-0.14768750093881855,251.0,0.6109800235017664
2,0.0,0.40852581837419155,0.0,-0.23236019611624892,251.0,0.166834666609476
3,0.0,1.595361037673496,0.0,-0.1514660480665906,251.0,1.4296926635822866
4,-0.025472139462733856,0.6660305813409473,0.046290596606997525,-0.15313504526140753,247.0,0.5971486962302681
5,0.0,1.4000946111089214,0.0,-0.1823525915680161,251.0,1.3130681594197187
6,-0.11495183069878046,0.18794319184361186,0.18794319184361186,-0.2549743326297603,100.0,-0.008594632721515283
7,-0.00412342945848565,0.3492081692414206,0.0,-0.16894327917185525,248.0,0.19264574228345333
8,-0.07438554256063235,0.4891422808530044,0.0,-0.22153209109730787,240.0,0.36150104917286296
9,0.0,1.0153618098043644,0.0,-0.31473265526982763,251.0,0.6014993579575485
10,-0.09486322704876249,0.7900662626720276,0.04940816673274062,-0.25554304082614043,239.0,0.6292292008835028
11,-0.03266143780225139,0.3165806477831514,0.2091843784289027,-0.2000073938644371,231.0,0.1364164668590242
12,0.0,1.423297943348211,0.0,-0.26409417731732965,502.0,1.4177443577656303
13,-0.09345916655982811,0.5957498580582368,0.06141564996245452,-0.14591344731704403,216.0,0.5815661474781462
14,-0.049912146531999824,0.47925646892262663,0.14973011920261925,-0.3363883013950305,493.0,0.3756968233702884
15,0.0,0.9525801223401478,0.0,-0.37126587588472004,502.0,0.29450514978825915
16,-0.0014119931165337274,0.8079799673476578,0.08321382870758498,-0.3332550321238338,501.0,0.2659014693553359
17,0.0,1.1783086221832804,0.0,-0.33606995762498715,502.0,0.5420852957869937
18,-0.020173261771476603,0.47311621106899704,0.00865026386831591,-0.0895362409930639,493.0,0.42857600882339075
19,-0.5164493716297829,0.01123690351055262,0.01123690351055262,-0.5218226048796772,2.0,-0.47716141065244744
20,-0.07989439343490423,1.5249554367201439,1.5249554367201439,-0.6355953086600646,485.0,-0.025544008340901092
21,-0.01954631257966144,0.6905503299398199,0.037455026540391456,-0.23060668206952029,283.0,0.5771526758200072
22,-0.034168035711322986,0.8800071540650025,0.26423760346197733,-0.41179164786881395,492.0,0.14175742925680668
23,-0.012820438915566279,1.186138476881128,0.06666743527811225,-0.2997526606123896,500.0,0.5878897580603315
24,-0.3749999999999998,0.004958930443900833,0.004958930443900833,-0.37808403799752177,2.0,-0.08189152976814573
25,-0.20910518532070954,0.22466419674030802,0.22466419674030802,-0.3541945483632025,285.0,-0.045274360029883165
26,-0.2793088104420062,0.06790269949569816,0.06790269949569816,-0.3251340315008755,60.0,-0.13874221299317802
27,-0.08981912946642456,0.6856056629865765,0.6856056629865765,-0.4600274011177051,696.0,0.092630541242406
28,-0.4800525262631312,0.03238751728805589,0.03238751728805589,-0.49636404447943994,5.0,-0.35061648471294515
29,-0.022651923958663778,1.3482523895178673,0.10679645892850864,-0.5059327125262838,746.0,1.0200596056854696
30,-0.3157964180804299,0.07890222984562634,0.07890222984562634,-0.3658335639759789,82.0,-0.18100568746050416
31,-0.4210829841897805,0.5957912462766837,0.5957912462766837,-0.6372225896332278,588.0,0.1920409687399971
32,-0.6037393174436771,0.0107530114068346,0.0107530114068346,-0.6079549819942853,3.0,-0.2766699107318442
33,-0.5864871785752406,1.8465981434719216,1.8465981434719216,-0.8547343880016698,546.0,-0.31974748372870765
34,-0.5817785584104878,0.04304662558086769,0.04304662558086769,-0.599038593929963,6.0,-0.3754734422141194
35,-0.24422876284662354,0.6349680008634366,0.021871739625764386,-0.42911210891705187,361.0,0.23803080391584497
36,-0.5732854309326467,1.11145232292915,1.11145232292915,-0.7979047102160536,376.0,-0.44799147607094725
37,0.0,0.9646732273530134,0.0,-0.41250896285068617,750.0,0.7756918159643351
38,-0.36263469271231896,0.19794210187446182,0.19794210187446182,-0.4679498230420541,110.0,-0.06424351389546779
39,-0.27155483700644345,0.19590208822881383,0.19590208822881383,-0.39088227191540614,167.0,-0.11233148096026624
40,-0.5320532423427915,0.03610114113727447,0.03610114113727447,-0.5483580327461395,5.0,-0.3142070785920068
41,-0.5172943172484046,0.021275794412301652,0.021275794412301652,-0.5273503147801806,5.0,-0.12165923577159976
42,0.0,1.663957700969355,0.0,-0.3581575074189669,998.0,0.7982366889599382
43,-0.10368782319059278,0.20575624298411976,0.0,-0.13011551814460642,78.0,0.14797298540696868
44,-0.07749155025124155,0.6196682535584965,0.09593991823404746,-0.31229140135450373,985.0,0.5536791676922403
45,-0.39261830678493426,0.017339664700692037,0.017339664700692037,-0.40297059645879296,29.0,-0.20906863883341786
46,-0.07253024300332633,0.5537276752611164,0.5537276752611164,-0.4030680074995736,967.0,0.2718586470625648
47,-0.16758999027132182,0.921217976434981,0.921217976434981,-0.5667279715582814,894.0,0.3149119014160593
48,-0.4924508609065449,0.0,0.0,-0.4924508609065449,0.0,-0.334184731874287
49,-0.3164584989419231,2.7601951368244455,2.7601951368244455,-0.8182164818086168,682.0,-0.1526212436342821
50,0.0,1.6256546066386552,0.0,-0.3912811023562336,998.0,1.105782441608092
51,0.0,1.4872495196266802,0.0,-0.42569569751849756,998.0,1.0464589623936393
52,-0.38811327340131396,0.5761161788150058,0.5761161788150058,-0.6117756198285271,478.0,-0.38339669273363475
53,-0.24540593142673606,0.0,0.0,-0.24540593142673606,0.0,-0.14522453067278907
54,-0.4726519795879731,1.1273472478145128,1.1273472478145128,-0.7521100417650258,584.0,-0.39510057288105405
55,-0.005001886920854459,2.6810423227067677,0.00999758721595656,-0.28657647058823554,996.0,2.0782793756457187
56,-0.03965788113176538,0.6586340342018471,0.6586340342018471,-0.4210042124630815,463.0,0.14326227607426323
57,0.0,0.8755506941013973,0.0,-0.28493105033016874,998.0,0.3694943191555826
58,-0.1767142130917141,0.0,0.0,-0.1767142130917141,0.0,-0.10493107263538792
59,-0.06691417817571965,0.12602616084991602,0.07740317624261683,-0.1680986664738523,308.0,-0.04068586741850633
60,-0.009863230315895755,1.9272499559825587,0.037472966643079975,-0.15976828486621086,1239.0,1.9272499559825587
61,-0.03849833383628243,1.5693271780515845,1.5693271780515845,-0.6257768670423438,1236.0,0.028090428708099857
62,-0.5137422707744764,0.03787855031230469,0.03787855031230469,-0.5314887959875407,6.0,-0.187146322898463
63,-0.04035000271434641,0.5021196582883813,0.07017327404541396,-0.3360449452968438,476.0,0.04415502376287228
64,-0.29533555338635875,0.01851860500959912,0.01851860500959912,-0.30814769298495037,18.0,-0.10971047457136196
65,-0.0063685436462437295,0.5076625873479517,0.45682515620956177,-0.3179473513904477,1243.0,0.4242106333419622
66,-0.5425614225730955,0.01824870070402862,0.01824870070402862,-0.5507594783959692,7.0,-0.4041996010436618
67,-0.38534589956933574,0.6872092297499086,0.6872092297499086,-0.6356977607799282,263.0,-0.280843851874614
68,-0.01873071901886203,2.3197161025450197,0.09261267652728589,-0.5319119841045178,986.0,2.3197161025450197
69,-0.013335339091038234,1.3110222285147999,0.15332542828826257,-0.4536330371144792,1242.0,0.8641158148095744
70,-0.24795134036335575,0.9757301768799673,0.9757301768799673,-0.6193565961399323,1039.0,-0.17821044904642513
71,-0.2871918299003716,0.11496373348743893,0.04195759786877984,-0.31589522303248585,85.0,0.053447726582354305
72,-0.16336313134885505,0.4967762646020235,0.4967762646020235,-0.4410407965190458,999.0,0.18217777608505004
73,-0.04877663218168726,3.6010310364814737,0.02195563205873552,-0.5050018379058205,1240.0,2.5680624593820807
74,-0.39278050923344676,0.30861506749793066,0.30861506749793066,-0.5359831123390963,80.0,-0.08798666373809871
75,-0.1191674406822596,0.02351318641110156,0.02351318641110156,-0.13940282254072733,59.0,-0.07112218187959096
76,-0.11635568804587937,0.10589480955020925,0.10589480955020925,-0.2009689309297713,84.0,-0.018458769960647436
77,-0.2620666908539193,0.04285761403740351,0.04285761403740351,-0.29239303696581753,38.0,-0.20257924074012923
78,-0.24956679127309422,0.16884856462651432,0.16884856462651432,-0.3579722545437749,95.0,0.16715429429398543
79,-0.3935708610890414,0.057458240493136525,0.057458240493136525,-0.42652190347662744,26.0,-0.35862220467732786
80,-0.4595493349215807,0.0027268799121795695,0.0027268799121795695,-0.4610190711894022,2.0,-0.3232024197409755
81,-0.506238170651628,0.04297987107856449,0.04297987107856449,-0.5265854662777298,8.0,-0.503736540388491
82,-0.10365472451658775,1.105905369922259,0.6766940519707834,-0.4654091636874065,1452.0,1.086933017556507
83,-0.04233107041364115,0.06115803599621028,0.03226634038522258,-0.07997576209564605,220.0,0.01530431007262334
84,-0.46385078382698,0.0,0.0,-0.46385078382698,0.0,-0.3442139626619509
85,-0.3364915909961086,0.04539662039762016,0.004440228354600784,-0.3394246961904328,14.0,-0.20251327211113712
86,-0.022988658221131608,0.8634177886847554,0.0038303376003183676,-0.4495154788706075,489.0,0.17304835179412525
87,-0.23704754705758468,0.16735957075056662,0.050000619586363815,-0.2733790450114477,41.0,0.16735957075056662
88,-0.4848790874622706,0.409807654519041,0.409807654519041,-0.6346161755566123,466.0,0.015137019176564959
89,0.0,1.3668595163922248,0.0,-0.4762252843295277,1491.0,1.3360565409964589
90,-0.5618837744818872,0.07043850744051317,0.07043850744051317,-0.590713317511646,8.0,-0.2944264243444661
91,-0.24602210356918386,0.0,0.0,-0.24602210356918386,0.0,-0.1942215259349266
92,-0.12736413641363897,0.5284048404840533,0.5284048404840533,-0.42905450148274005,1390.0,-0.12736413641363897
93,-0.12828135538298613,0.4304618294580651,0.4304618294580651,-0.3906033515432794,679.0,0.16856002803305103
94,-0.15272553444924997,5.8488260924079984,0.3907160993041199,-0.44202170567471233,1193.0,4.21891260736005
95,0.0,3.956650312521006,0.0,-0.43161665643057345,1737.0,3.029131288691741
96,-0.23420682626127387,0.29022355115398213,0.11315089856389471,-0.3120490899062328,195.0,0.22931952281253376
97,-0.5048875782533795,0.011259550511594663,0.011259550511594663,-0.5104002513537262,3.0,-0.2825958526329375
98,-0.2579845502553132,0.019853358355519157,0.019853358355519157,-0.27242927263468253,13.0,-0.04351678086675714
99,-0.389378413334989,1.6481421461869057,1.6481421461869057,-0.7694151020011321,548.0,-0.2612233029118032
100,-0.14918563974701382,0.8412172146783676,0.8412172146783676,-0.5379065796961873,1654.0,0.13380118970214627
101,-0.35000040319654235,0.01951148706948702,0.01951148706948702,-0.36244014408132363,8.0,-0.2533622559652928
102,-0.045907982257718194,0.5316454800009904,0.5316454800009904,-0.37708038172014524,230.0,0.019696342158453284
103,-0.2764621819676727,0.24621689168466632,0.04259789751186016,-0.30602409638554195,74.0,0.24405697990825326
104,-0.43507213854657956,0.09988938333586894,0.09988938333586894,-0.4863775666785297,35.0,-0.06865206146356317
105,-0.5856301359901107,0.05642316922405621,0.05642316922405621,-0.6077614765735928,45.0,-0.34550850847211323
106,-0.42395581081823575,0.04677139198458269,0.04677139198458269,-0.44969437109889177,7.0,-0.13954923315541135
107,-0.48664714266727105,0.020472700774085695,0.020472700774085695,-0.49694601634779445,10.0,-0.19777903049135348
108,-0.19893488530430892,0.23694138604811665,0.23694138604811665,-0.3523823167927135,254.0,-0.013589072781283962
109,-0.4543631836754688,0.10820958547853254,0.10820958547853254,-0.5076411326212077,50.0,-0.3384250788775729
110,-0.007854558291412905,0.22162405985545997,0.0785357769736903,-0.14888193346455403,240.0,0.22162405985545997
111,-0.0074787568385520364,0.8942097834943556,0.0,-0.4412308614071111,1478.0,0.19299266674426474
112,-0.03709634247733773,0.20511356772492717,0.020967806883940288,-0.15139042856805862,224.0,0.03773589374921693
113,0.0,2.5236578281645126,0.0,-0.7142508363791068,1981.0,1.226161171349958
114,-0.4278195736817808,0.2183616005631439,0.2183616005631439,-0.5303689593846774,266.0,-0.2970313909236908
115,-0.03753867113217724,1.7017398461669493,0.010240399625351282,-0.4031961206172052,1973.0,1.262044106377545
116,-0.13807367028738626,0.008549440859352941,0.008549440859352941,-0.1453801917948676,8.0,-0.05153713575694463
117,-0.07955797136152443,1.4974558210813678,0.0,-0.43079615048119035,1189.0,0.639965758344907
118,-0.13952252034917456,2.284053037410315,2.284053037410315,-0.7379830746188658,1883.0,0.026746544437594277
119,-0.3340238314991324,0.05754657241125294,0.01001601735006008,-0.3406281117717682,3.0,0.05754657241125294
120,-0.3631554762972763,0.36838506394757475,0.36838506394757475,-0.5346013775789631,561.0,-0.11753443541240371
121,-0.31833480289898675,0.02075313447601168,0.0,-0.31833480289898675,12.0,-0.02196821437020191
122,-0.3105745952800515,1.2695146654369958,0.007713970455031971,-0.40369653964621743,882.0,0.9095205941931106
123,-0.11444107955735816,0.07005075900424718,0.07005075900424718,-0.17241409999399204,64.0,-0.10582966687617801
124,-0.24105088323327317,0.6888419349815738,0.6888419349815738,-0.5506097397001174,423.0,-0.145990847592518
125,-0.15617933934258998,0.2200687545678479,0.2200687545678479,-0.30838269769780813,325.0,-0.06414386126374716
126,-0.027779859414577168,1.0683742749659046,0.0,-0.20294690613305055,479.0,1.048485484330273
127,-0.3224097227368491,0.030666744301760973,0.030666744301760973,-0.3425709318658636,16.0,-0.2603536984300071
128,-0.12727123587313172,0.5960900473933666,0.0,-0.3625508928010591,233.0,0.05875865840321093
129,-0.026290513249926595,0.17655895970839963,0.016525465471382006,-0.11493940091683585,163.0,0.07739385282237876
130,-0.3231530801296889,0.008692847217627087,0.008692847217627087,-0.3289861014308548,2.0,-0.27576010719248245
131,-0.08273646188593686,1.4807938355967134,0.056353441147309,-0.3903149481386975,1441.0,0.9370970860605663
132,-0.030866898992354952,1.1700245832995653,0.0,-0.46272204347241364,1224.0,0.5665829213604558
133,-0.1635167811200332,0.5491605985657622,0.5491605985657622,-0.4600409927451057,1235.0,0.25204150719190244
134,-0.04361415337081176,0.38724314148766825,0.06896622281788534,-0.10584907886779626,227.0,0.2655214924777598
135,-0.3605403564536285,1.4408181026979965,1.4408181026979965,-0.7380142162828378,860.0,0.015249555378967106
136,-0.07142898520165464,0.6042296877552451,0.08163246390781498,-0.32153437281085073,767.0,0.1312653727044477
137,-0.4813480856019796,0.20155189983985977,0.0,-0.4813480856019796,364.0,0.057641578104527635
138,0.0,2.2810903128842748,0.0,-0.3126387194296737,2228.0,1.775379150157121
139,-0.1741592870358606,0.012499470361425402,0.012499470361425402,-0.18435442472938346,4.0,-0.15213338417863698
140,-0.3169425857671748,0.030074988870003372,0.030074988870003372,-0.33688573976333314,83.0,-0.1696178397710767
141,-0.30301433412307377,0.1908401562780082,0.1908401562780082,-0.4147109818202913,330.0,-0.261124225467095
142,0.0,4.5369926398312215,0.0,-0.7541030986757076,2471.0,0.5869974347294449
143,-0.20669679487296633,0.12849016021066428,0.12849016021066428,-0.2970224880127077,193.0,-0.1346906254739897
144,0.0,2.5950834236716345,0.0,-0.5225277205194654,2471.0,2.5950834236716345
145,-0.23287062622584864,0.11085465361984337,0.11085465361984337,-0.30942417059299787,38.0,-0.11097385217212241
146,-0.6048727640416985,0.22885620049594202,0.22885620049594202,-0.678459338205043,137.0,-0.5203409008835502
147,0.0,2.96565425915889,0.0,-0.5178130178041214,2471.0,2.96565425915889
148,-0.17502774332528115,0.0863524599081753,0.0863524599081753,-0.24060349921382773,71.0,0.06478882433579392
149,-0.16455674166301104,0.12571114221451496,0.0,-0.16455674166301104,94.0,0.11081110252285642
150,-0.09712067683484471,0.13724904206380462,0.13724904206380462,-0.20608478022837518,343.0,-0.03068953617031911
151,-0.21047987057266226,0.8411306173202671,0.28490727493949786,-0.38554310896518684,1643.0,0.5204035244882432
152,-0.21099877391355115,0.024876904812876077,0.024876904812876077,-0.23015025279498702,10.0,-0.1414151243277607
153,-0.39284601685970544,0.043844068647736156,0.043844068647736156,-0.4183480067795552,14.0,-0.3001362353477256
154,-0.32326050262565775,0.07225746168685054,0.07225746168685054,-0.3688647348653453,37.0,-0.2584647277890917
155,-0.04000303628358903,3.2592641152683637,0.0044440150710074455,-0.3966935989514394,1664.0,2.1749382392315404
156,-0.34091089983388323,0.04698279514125003,0.04698279514125003,-0.3704871720674282,19.0,-0.09601189268851429
157,-0.036565299360783676,3.4743755647527133,0.017489206947713498,-0.5334818515068993,2713.0,1.9725795116073996
158,-0.30784508687762446,0.0017599244326231833,0.0017599244326231833,-0.30906108715179614,1.0,-0.20143428869720703
159,-0.5177713070807909,0.08060350804215166,0.08060350804215166,-0.5537413220202145,29.0,-0.3206750323534856
160,-0.07895060944397647,0.16789633102025503,0.16789633102025503,-0.21136031846986802,685.0,-0.04346738406709094
161,-0.07996015811595913,0.22553948205550767,0.22553948205550767,-0.24927768109035098,378.0,0.028384734926313104
162,-0.21766830044824192,1.2652591010012202,1.2652591010012202,-0.6546391981358883,1410.0,-0.16532529010095853
163,-0.06852939044720052,0.5357324055954198,0.14385373631948783,-0.35990041767940173,963.0,0.09751214032035893
164,-0.4069758634203532,0.010336015175516522,0.010336015175516522,-0.41304266335925266,5.0,-0.34237618023560246
165,-0.264424313214757,0.25441086728186213,0.25441086728186213,-0.413608646121557,820.0,-0.1546371836975442
166,-0.011363391452402283,1.6257677967197561,0.12878510312722224,-0.5934369177480654,1958.0,0.24524235436108266
167,-0.459006655510277,0.22008533360585525,0.0,-0.5486352142980533,171.0,-0.3000520560544694
168,-0.017290115804197925,0.2857059710266363,0.0,-0.2304048721674724,727.0,0.20139531544954337
169,-0.027572465796890544,1.782028669018425,0.0,-0.4195439585717159,2456.0,1.3036330888254324
170,-0.029287342474004996,6.013047019926514,0.03626263801707208,-0.5927389407232042,2661.0,5.970538104006549
171,-0.08661439473383992,10.296191817259782,0.01574878215356823,-0.7027049088471603,2907.0,3.540047104127625
172,-0.1642634172026023,2.170371206137884,0.0,-0.3983724213198562,2099.0,1.3262928278611588
173,-0.17599270496559716,4.7881676752604445,0.05902346016745419,-0.27627708879777957,1339.0,4.1987252111599345
174,-0.41170015422995254,0.4289156283982092,0.16988749031620576,-0.4971312620745799,152.0,0.2085942330791246
175,-0.13918141178360055,7.322295687555245,0.015076157078994346,-0.6400569154561985,1719.0,7.088443932864022
176,0.0,0.4118555934628063,0.0,-0.2520304145930834,243.0,0.11238964368522897
177,-0.2078813082610096,8.606738187078111,0.02496685149469613,-0.3457721387591357,1369.0,8.398706203792992
178,-0.2877340917279273,0.1474883289511011,0.1474883289511011,-0.37928265560387664,97.0,-0.12829338218948205
179,0.0,1.4679870967949333,0.0,-0.16825613639542847,244.0,1.4555950052316815
180,-0.07393264729359472,0.8331068107781603,0.3230715020243209,-0.3000625050955241,236.0,0.6079290085503295
181,-0.0036657825548129797,0.24517695749699775,0.0,-0.08065741911586277,243.0,0.2306219282904205
182,-0.21676386313837792,0.3244024945221642,0.3244024945221642,-0.408611702181814,267.0,-0.06891960222484472
183,-0.2206475308395548,0.07610749597455557,0.07610749597455557,-0.27576708453773946,48.0,-0.10074587142533953
184,-0.08454410609894425,3.4227903324317266,0.0026420033155920564,-0.33333193895990854,903.0,3.1891981502486733
185,0.0,20.754189275237856,0.0,-0.43408917144084036,2959.0,20.56501200045732
186,0.0,3.1113073593073945,0.0,-0.267241067279,2958.0,2.602952380952413
187,-0.36628371931411396,0.14280001985516688,0.07065957763646336,-0.40810665320451567,162.0,0.09741717361689384
188,-0.25355560290895574,1.2799350894159702,0.0876784631271823,-0.4308575728822429,439.0,0.9389414329503201
189,-0.32825763971336774,0.12875525964667567,0.0,-0.32825763971336774,24.0,0.12875525964667567
190,-0.20152212381149182,0.6867601271459465,0.5623138328175146,-0.48891326478975494,1531.0,0.505109787772327
191,-0.005132209135141896,6.3384591946526,0.0,-0.4475991711218048,2958.0,6.2844995858050146
192,-0.12001801437473625,0.16559438245620406,0.16559438245620406,-0.24503583847846133,190.0,0.04208562342604072
193,-0.4876984671154222,3.2262241910769482,0.23220130810920292,-0.6180472908998568,1438.0,2.117372095657721
194,0.0,0.7072686483454855,0.0,-0.13538826435746942,244.0,0.5699551318003382
195,-0.0908785112935504,0.5027914434561809,0.44094822309201853,-0.3790845744386354,464.0,0.1688368648827243
196,-0.3092081796398657,0.49934326203634827,0.03745084956294398,-0.334145014531387,1046.0,0.48426556552901956
197,-0.2026898658604971,1.9711289617853724,0.37148664354059147,-0.4807212097107516,666.0,1.8491067685346252
198,0.0,2.328947748615455,0.0,-0.1721145612322259,244.0,2.177635444257159
199,-0.06518244700215658,0.629824414013272,0.017491388725531243,-0.1834836417584137,413.0,0.629824414013272
200,-0.0682612849073928,1.0731582901290104,0.0,-0.33270418071912133,963.0,0.7333543558304971
201,-0.041082089913691444,0.5713197092642115,0.25032854693458284,-0.23306725065401623,467.0,0.5713197092642115
202,-0.020941641851240478,0.639914808041856,0.07678878250636689,-0.1151521692208074,237.0,0.5947967713242321
203,-0.5323559748600661,0.22351711523386442,0.22351711523386442,-0.6177870997329303,7.0,-0.44543891738753716
204,-0.16167560131134417,0.5002048974676414,0.028301985414645348,-0.23242510712615405,833.0,0.23310641287258305
205,-0.23275376174542106,0.13228786895070654,0.13228786895070654,-0.3223929538646496,18.0,-0.13549703555197312
206,0.0,1.9616896911439938,0.0,-0.2457630976810219,489.0,1.4993179236158976
207,-0.10179685846877173,0.2537109663730355,0.03393131994747689,-0.13127388231468173,146.0,0.24507885712960586
208,-0.46117320980103815,0.08571354214108196,0.08571354214108196,-0.5037118270290999,24.0,-0.45413733425288516
209,-0.048880927055925616,0.6146671891619577,0.1059060628113977,-0.20259752867266745,234.0,0.4972378659799608
210,-0.48371220664522097,0.0,0.0,-0.48371220664522097,0.0,-0.4649078239811977
211,-0.29752585160280554,0.07623246890212942,0.07623246890212942,-0.34728400350735367,16.0,-0.22794547759886996
212,-0.002911002458807932,0.7636082299409328,0.0,-0.28378611176769675,975.0,0.3019882429415297
213,-0.2261961753441677,0.13517622399337248,0.04384898043680718,-0.25870136470121596,310.0,0.014484784183830257
214,0.0,0.9264648643839712,0.0,-0.3457183512426866,489.0,0.3829943396016595
215,-0.36813900186098747,0.3377453493889939,0.3377453493889939,-0.5276672062978124,325.0,-0.078081855849373
216,-0.40400032333529834,0.004400688513989115,0.004400688513989115,-0.40661164067252564,2.0,-0.3276753618502394
217,-0.3160797055986816,0.801391476969465,0.0,-0.3160797055986816,138.0,0.6308278632494646
218,-0.14714449642510363,0.7603881631211946,0.09999963221231689,-0.4456896326590303,650.0,0.18687476093800637
219,0.0,1.5118318454062663,0.0,-0.3789987214022371,1713.0,1.2288620183071566
220,-0.5632478414033123,0.6982309517419978,0.6982309517419978,-0.7428193390606386,707.0,-0.2867142473770973
221,-0.3707409576206562,0.38844441115589845,0.38844441115589845,-0.5467884509287071,223.0,-0.1203562479572936
222,-0.3779382472556785,0.0,0.0,-0.3779382472556785,0.0,-0.30762830896927107
223,-0.16297616305069562,0.05135875579887905,0.008694365770918422,-0.17019082751633174,22.0,0.015805473870601716
224,-0.024633212314120523,0.2616029243547022,0.2616029243547022,-0.22688290518605903,465.0,0.07851991843636541
225,-0.03412940155691513,0.5080761673307883,0.017064700778457675,-0.11095539206914451,232.0,0.43136019767255007
226,-0.3876616662736486,0.0,0.0,-0.3876616662736486,0.0,-0.20916275160683684
227,0.0,22.564481229424523,0.0,-0.5637095443060477,3448.0,20.37392614597985
228,-0.2601442684450548,0.059919871845307116,0.059919871845307116,-0.30197012886750985,21.0,-0.1325324714153978
229,-0.5073207333127138,0.019900469737284654,0.019900469737284654,-0.5169339741414227,1.0,-0.2810127656438577
230,-0.15730054428199025,3.0127075360948883,0.030903630071198673,-0.7347410214762682,1641.0,0.7154792578250022
231,-0.17089502717992378,7.977619293389022,0.16467146141523226,-0.30535245279903367,1076.0,7.482314616833468
232,-0.32438255118911274,0.7560600279791467,0.7560600279791467,-0.615265174284287,234.0,0.03386366526771112
233,-0.09764499121265324,2.617720138173441,0.011783528271013921,-0.6297158938622351,1336.0,1.1304478516453536
234,-0.16586576348485027,4.955500410791245,0.14650659781023223,-0.34260864428383475,2043.0,4.803189081336676
235,-0.09581613203371386,0.6584454240779005,0.0,-0.2741168750346592,1356.0,0.6584454240779005
236,-0.5766116674245167,0.0661152720549496,0.0661152720549496,-0.6028681478697915,4.0,-0.3977412718666553
237,-0.38105517826825164,1.1285993208828504,1.1285993208828504,-0.709224363806037,267.0,-0.003896434634973467
238,-0.7425558517669862,0.5622356129373416,0.5622356129373416,-0.8352078610287452,92.0,-0.6769223142680876
239,-0.44313633177893597,0.0,0.0,-0.44313633177893597,0.0,-0.17058780923733652
240,-0.47662466817037574,0.18013380136674684,0.18013380136674684,-0.5565118707527161,159.0,-0.10021374377245762
241,-0.3422764177521882,0.08124603140354192,0.08124603140354192,-0.39169850048463517,4.0,-0.24715956377804305
242,-0.008489522613816858,0.32648363802520364,0.1816621187081231,-0.21417533738539152,487.0,0.132176913452136
243,-0.05471479972210991,0.05623386319096668,0.011641832830435295,-0.06559300969878679,63.0,0.05623386319096668
244,-0.09243069894126421,1.4019681061371552,0.0,-0.19802257812552138,197.0,1.3498484382550653
245,-0.00503555517714549,0.17824693239153522,0.017119118412948886,-0.11187439586324743,238.0,0.1668024888071138
246,-2.220446049250313e-16,1.1441446320829325,0.030953128892836412,-0.18355216958588672,239.0,0.9933652523370575
247,-0.42631841258309966,0.33914507677189265,0.08046054687829907,-0.46903976357637545,822.0,0.31677943814181964
248,-0.29146353137754843,0.3071440382222148,0.0015455977442631053,-0.2925569537540208,225.0,0.3071440382222148
249,-0.26551471231420487,0.006775806267116158,0.006775806267116158,-0.27045794792279443,1.0,-0.2244359662757306
250,-0.17625480416506722,0.18257173434565943,0.18257173434565943,-0.3034289828593548,63.0,-0.07868734392773635
251,-0.00796024266891937,0.34672473752920663,0.03482606167652169,-0.19678818720280322,221.0,0.3274384825513128
252,-0.03341444252998749,0.2596977452193907,0.1013851193358195,-0.12239094164182707,222.0,0.23518948477937807
253,0.0,2.9738472883460925,0.0,-0.38062100679607636,241.0,1.9335282550196613
254,-0.41901504851440563,0.04993588643004232,0.04993588643004232,-0.446647210563456,16.0,-0.2679916288868359
255,-0.052334522989312404,0.0791752516726476,0.008486502901215331,-0.07758695562737372,168.0,0.05916225579671597
256,-0.19009564036556592,0.0034969550040406805,0.0034969550040406805,-0.19291796990936272,1.0,-0.11975456749393931
257,-0.5094581950087803,0.026596767371213748,0.026596767371213748,-0.522167007940868,7.0,-0.2960829050078835
258,-0.14386006010182928,0.2730295787381549,0.03508746243635663,-0.2006770897853004,103.0,0.1148102326841216
259,-0.4537960826953875,0.0,0.0,-0.4537960826953875,0.0,-0.28335606383419143
260,-0.3627828720450912,0.043242617986035015,0.043242617986035015,-0.3891956511659317,6.0,-0.3495499284933121
261,-0.5725321748219774,1.37372607303847,0.014813484026915624,-0.5787720286473006,125.0,1.1564725289083326
262,-0.015530354784351719,1.4907506382796294,0.0035845462655614835,-0.17599125064955445,222.0,1.4907506382796294
263,-0.2151998373793853,2.710444481927918,0.1974975455532353,-0.4250265156336184,3299.0,2.2459853035945168
264,-0.17474692592378216,0.5231207050890916,0.030302085606509044,-0.2500000000000001,36.0,0.4696778733315794
265,-0.17200422868207033,0.2824713659045279,0.2824713659045279,-0.35437484739946323,136.0,0.02540943811961638
266,-0.10769296072074797,0.3787001713791507,0.3787001713791507,-0.3527910869941697,459.0,0.196470544540005
267,-0.5614198217672806,0.30290290449396395,0.0,-0.5614198217672806,103.0,0.1632122156170841
268,-0.2944540898221245,0.37057686638058174,0.027523176204671485,-0.31335280165268176,55.0,0.20405542634389295
269,-0.002671708889707136,0.5770054549713832,0.058827794696741265,-0.2469344085451045,294.0,0.20692078578360484
270,-0.46826601240488697,0.4292165250450779,0.0,-0.46826601240488697,173.0,0.3485530274589037
271,-0.015505871800408633,0.44573360131554995,0.0,-0.316673847479535,237.0,0.15795724465558303
272,-0.44938820912124666,0.10678531701890925,0.10678531701890925,-0.5025125628140708,71.0,-0.3581757508342611
273,-0.028903392383275106,0.5212077745105073,0.034684070859929195,-0.2981254302175367,709.0,0.20978985871046696
274,-0.290868705899739,0.0906664450108956,0.0387343455613427,-0.3265714309908301,53.0,-0.19858232664671938
275,-0.037799210449334875,0.5862338312508826,0.5862338312508826,-0.39340545473558175,465.0,0.06007280272391702
276,-0.046899651408846665,0.4539198615176463,0.037820265992428936,-0.10910980446532492,542.0,0.38005295314293996
277,-0.03426849134797494,7.0166938175565985,0.01346754893793145,-0.2861541790539265,3481.0,6.853417032363516
278,-0.003623137193929704,0.5029658840878817,0.0,-0.211646860563094,821.0,0.4935429004885845
279,-0.310144335404996,0.0,0.0,-0.310144335404996,0.0,-0.2795015439252634
280,-0.03125053523266619,0.803570367101603,0.0,-0.2347010027092703,83.0,0.7883067908305701
281,-0.04103177803504299,14.765859749990291,0.0,-0.5627199887686641,3021.0,11.890721542203837
282,-0.12032936783397441,0.37162194508940494,0.37162194508940494,-0.3586639268091566,70.0,-0.018598750508651674
283,-0.060060425411116,3.3016172342773835,0.0030038902841382775,-0.2996618342724482,2759.0,3.243682995431894
284,-0.06661883503401322,0.02306547619047672,0.02306547619047672,-0.08766233766233777,23.0,0.023065476190476497
285,-0.006956521739130417,0.3130434782608704,0.0,-0.19470198675496642,90.0,0.23478260869565393
286,-0.23819824753559848,0.4353778751369115,0.4353778751369115,-0.46926745516978374,1204.0,-0.038198247535601304
287,0.0,3.5927681586686475,0.0,-0.48753700273859857,3781.0,2.6279167832955848
288,-0.1437535543812345,0.054362064448519876,0.054362064448519876,-0.18790093603507818,30.0,-0.10062173715790101
289,0.0,2.9415893990014688,0.0,-0.34761904761904794,333.0,2.1237766325419782
290,0.0,5.735742737782953,0.0,-0.7786906290115535,1066.0,0.8702030506169225
291,-0.5008958814512882,0.017951041853743632,0.017951041853743632,-0.5096973252860801,27.0,-0.5008958814512882
292,-0.060053885793507344,1.0241230479478887,0.06246566742525261,-0.21196976431589543,2450.0,0.7630594574799192
293,-0.3754780123536461,2.4273900617682354,0.0,-0.40285499866852825,383.0,1.300175163639718
294,-0.14675846191177966,2.0184123151222524,0.006825458828263908,-0.4575238704203526,1220.0,1.5005474571355877
295,-0.03052207450607558,3.1991557357265608,0.011124684139752095,-0.3064233742610287,325.0,2.343316076978774
296,-0.02731723788620599,15.755495525915975,0.042627047104508264,-0.4268125985150977,3774.0,9.467668411278106
297,-0.11585677047605902,20.77143641103033,0.07723418850322417,-0.2911217274081772,3746.0,18.069831252572396
298,-0.07879252664094316,0.9212475550187567,0.0115889438749881,-0.21418636995827545,413.0,0.7101508139249015
299,-0.06342112531070365,3.273017148309017,0.004424684758109976,-0.5612812829100511,1773.0,2.1867000658584614
300,-0.3415680730991345,0.013522524204520936,0.0,-0.3415680730991345,11.0,-0.011580200853176459
301,-0.16402911636122297,0.10302079504999928,0.10302079504999928,-0.24210777585486687,26.0,-0.05103042736543062
302,-0.01176798210548069,0.5271427159784026,0.0,-0.18706557872469032,90.0,0.33849567459283536
303,-0.37682698901453515,1.1172353348873765,0.021052927521846954,-0.38967609397297265,135.0,0.8885660466384131
304,-0.4728655160245818,0.26866168503891363,0.12601506028775633,-0.5318584070796464,126.0,-0.00019751924703226287
305,-0.20314518212348487,2.1094115882367452,1.1208573261889447,-0.6242770279562293,3764.0,1.1197740018833078
306,-0.12466843501326241,0.01977600943118185,0.01977600943118185,-0.1416433051067887,8.0,-0.0834070144414969
307,-0.05336750884901742,6.310460148907579,0.02287074331746597,-0.25850744474460174,3767.0,5.7862809715610215
308,-0.22210886651802753,2.3848839042407066,0.008112064500146454,-0.3612731954304417,358.0,1.5110915929103923
309,-0.09051345194554172,0.5324046415162162,0.11860249367352971,-0.25289106606714395,245.0,0.3187229516079686
310,-0.4411092214979325,0.9566294795247934,0.0,-0.4411092214979325,311.0,0.6093267445603052
311,-0.22313946896332226,3.816063121762541,0.3910732822332843,-0.44153874496857926,1266.0,2.9735853647802974
312,-0.3832264184154427,3.288005319669076,0.167183313449766,-0.5789624502661657,1125.0,2.3590189904363212
313,-0.4385059125069437,5.625220004149129,0.0,-0.4385059125069437,336.0,5.625220004149129
314,-0.48021448030882163,0.8069292157221384,0.1932921957277216,-0.5644105261459533,340.0,0.4873073479721597
315,0.0,7.383816894042122,0.0,-0.5251675884028828,1066.0,4.318724569848135
316,-0.16855577427355262,0.0927806479579869,0.0927806479579869,-0.2391481059990247,51.0,-0.04419445845976777
317,-0.26360235114241004,3.7758719326046375,0.0640868565874011,-0.5007075959229754,752.0,1.8224846978296014
318,-0.2438182138986208,0.0,0.0,-0.2438182138986208,0.0,-0.1429939757517702
319,-0.5402508059507265,0.7721983969713968,0.0,-0.5402508059507265,290.0,0.14459791192215343
320,-0.40168062555588546,0.5209877458246821,0.0,-0.40168062555588546,237.0,0.4051536713113908
321,-0.0896746240948384,0.32095511173176705,0.32095511173176705,-0.3108582056874525,116.0,-0.029078078648806516
322,-0.17791422621781272,0.5624052392845729,0.1154743855101823,-0.26301689715072074,511.0,0.280252653300038
323,-0.08499415351026662,1.8257098846666642,0.034628046754658914,-0.22026452997774948,315.0,1.6212121865871603
324,-0.18317503392130263,0.16010854816824938,0.02170963364993206,-0.22923976608187113,47.0,0.07598371777476287
325,-0.10666864314655611,0.91224429291432,0.0,-0.3281653746770026,294.0,0.4922423164344305
326,-0.3915891653815944,0.2753474457581746,0.2753474457581746,-0.5229450322404381,467.0,0.0017435237145078109
327,-0.3224484902818259,0.12723538885732588,0.12723538885732588,-0.39892633214345274,116.0,-0.27550206664338683
328,-0.11544490196122381,1.7177846092954163,0.1084014923392822,-0.2076166259272757,1274.0,1.2488536468535179
329,-0.18591018862304098,0.06849154760258425,0.04784727172143777,-0.22308352243018614,58.0,0.03194782812217478
330,-0.35286231097063137,0.12237193939076163,0.12237193939076163,-0.4234195757062106,54.0,-0.11243268344930324
331,-0.02825578582372379,0.47891299088783224,0.006280138698492088,-0.23446019629225723,140.0,0.21925651157164783
332,-0.06355269041585931,0.5075551497987776,0.10170107318527366,-0.3601191395749791,298.0,0.05269041585929091
333,-0.2284804646045061,0.11392446270337886,0.11392446270337886,-0.30738612785009123,24.0,-0.04618048999628788
334,-0.037575822642116785,2.3308953781738184,1.0975830694079134,-0.5411747017821098,819.0,2.026195716356221
335,-0.11483196708601617,0.20429618450024423,0.08689539679750391,-0.18559961195704955,558.0,0.10092312145301219
336,-0.09090909090909038,0.343130798771625,0.02065552607042953,-0.2407171223857062,723.0,0.28445032698063044
337,-0.040000663360918565,0.7982221927395132,0.15273055937909352,-0.23500117946164167,799.0,0.699862352609494
338,-0.10724620431603293,1.4164205640152088,0.06376600287140399,-0.34221065175918186,794.0,1.01965349738524
339,-0.03188983773317733,0.07286835146733694,0.07286835146733694,-0.09764309764309753,79.0,0.051194243356885716
340,-0.040189047162639824,0.6784851745356753,0.040189047162639824,-0.17956272516445226,86.0,0.43217547454583416
341,-0.61897650910344,0.8122079685932191,0.26892904080246827,-0.6997282916185751,797.0,0.060857402521058646
342,-0.2149319699491743,4.480420597854376,0.01796725248839648,-0.22878852130876925,319.0,4.222831947387961
343,-0.17018737647421334,0.933908920156465,0.03105538861923951,-0.5258833463237201,767.0,0.7565931121923308
344,-0.15763655058199277,3.378001208724827,0.004929085529052468,-0.5669321806753618,2398.0,3.02646636370061
345,-0.20634986266576405,1.6929324551817797,0.3477854238656404,-0.4111450359375942,2139.0,1.111698514427474
346,-0.17046281248981998,0.5186453315188091,0.04117608735780309,-0.2358693773270092,425.0,0.4079460275291462
347,-0.07036936317246034,0.36573992609537087,0.011109689184649607,-0.23280996527147368,291.0,0.16775710652184284
348,-0.19484882418812988,0.0,0.0,-0.19484882418812988,0.0,-0.19036954087346047
349,-0.5397455681433252,0.2537826037863644,0.016664157476758534,-0.5472896054494805,59.0,-0.280176145131546
350,-0.09911413401416447,1.5959450998886036,0.08849715823623594,-0.3383291440563161,551.0,0.9189019977721213
351,-0.09584566568007924,0.24656694131136225,0.022364877476468425,-0.24866310160427796,65.0,0.03658373996747
352,-0.06633898828819462,0.192361840100844,0.006142525655224107,-0.09505762324837086,436.0,0.12627409757287844
353,-0.06370226195781703,0.29150788092661006,0.026441046909627897,-0.08782122377007928,790.0,0.2611907945198815
354,0.0,0.9871999550171022,0.0,-0.36942681595860793,820.0,0.9228181787146563
355,-0.1782650401386593,1.6711069415561273,0.016785805175033364,-0.3093961585513667,441.0,0.9199696418917824
356,-0.13479052823315163,0.10525749296241083,0.10525749296241083,-0.21718741806686526,31.0,-0.10581222056631945
357,-0.29296478057772146,0.0,0.0,-0.29296478057772146,0.0,-0.25559485454559794
358,-0.5432818577988359,0.2318826591793166,0.2318826591793166,-0.629251910644289,184.0,-0.30464157234360056
359,-0.17826061576648522,0.32273808224601663,0.05000088829556382,-0.253611064208636,132.0,0.0811826005740921
360,-0.21645343691467434,0.44690917324096446,0.44690917324096446,-0.4584687293603633,271.0,-0.04436217791330255
361,-0.15944242025946054,0.7204305232061801,0.009287626484715483,-0.5094037195437078,270.0,-0.03837790298730992
362,-0.3038050713987175,0.20814546018196456,0.0,-0.3107133075717434,170.0,0.04766096196589453
363,-0.2675970365004139,0.6937158112563366,0.11286184309819247,-0.3418743143707883,399.0,0.6467613135185373
364,-0.11310293057006982,2.2148839400050004,0.005881746861155168,-0.3452860596293309,497.0,1.2520201945863176
365,-0.09704697618764901,1.7998830847361642,0.02953937212849711,-0.27740479033320964,293.0,1.457047341547848
366,-0.2209052619726154,2.9745627980922102,0.38872430609361697,-0.43898530859669127,696.0,1.5804497087107938
367,0.0,0.38719461146205925,0.0,-0.2071917855193166,126.0,0.20633229317299628
368,-0.2796957284961967,1.0996011175302254,0.1685814124065632,-0.514255378027071,411.0,0.09816299788197025
369,-0.335211923953487,0.15202166932436234,0.15202166932436234,-0.42293787196173327,84.0,-0.27841732380931594
370,0.0,0.5413357309147071,0.0,-0.1131331269463075,191.0,0.40923670103325116
371,0.0,0.24651884288640113,0.0,-0.0989201871848383,333.0,0.1815937983494067
372,-0.4462370105594795,0.12203976697973284,0.12203976697973284,-0.5064675907778917,72.0,-0.41624984506631046
373,-0.022753330522453763,0.3305569733237661,0.08304916327018685,-0.19759835442803186,322.0,0.09353078529565084
374,-0.182646056134125,4.801148834819935,0.16590389016018237,-0.5345946095895572,2618.0,2.9929015084294335
375,-0.46665485549773045,0.5627948178496287,0.5627948178496287,-0.6587235007368781,234.0,-0.24150149485106964
376,-0.2927730271573541,1.8639845258122776,1.8639845258122776,-0.7530618736000105,526.0,-0.21408027041065447
377,-0.3701248483983749,0.3027038595990512,0.25955054576585423,-0.49992070288958723,233.0,0.3027038595990512
378,-0.42385656139899297,0.2551521099116776,0.2551521099116776,-0.5409771978620591,54.0,-0.3826316382181181
379,-0.021741956267414042,10.173907391813005,0.009783032570547023,-0.49712004977528357,2780.0,6.94058969475359
380,-0.07920702316374784,4.332715499077412,0.0,-0.6273333796995479,3017.0,2.91183102233098
381,-0.002170210557603136,5.604988653573025,0.054231674694873,-0.16389967535173633,3780.0,5.534220917999028
382,-0.47035476300030954,0.085673427367432,0.085673427367432,-0.5121505015702674,56.0,-0.22042841679107994
383,-0.024292452830188438,5.620619946091661,0.02429245283018866,-0.4032928484117857,2006.0,4.003369272237205
384,-0.0877785760982841,0.8942462667728197,0.007777799354007575,-0.24139910608110837,491.0,0.4369769112763844
